Method,Type,Test Accuracy (%),Training Time (s)
CNN-Best-150ep,CNN,92.61,6301.057425022125
CNN-Best-100ep,CNN,92.13,4189.3949155807495
MLP-Best,MLP,60.25,3945.8093886375427
3-NN (PCA-25),Baseline,40.050000000000004,8.836538076400757
1-NN (PCA-25),Baseline,37.6,9.494425058364868
NCC (PCA-25),Baseline,27.900000000000002,0.04849958419799805
